{"train_loss": [2.9356987285614013, 1.727060422897339, 0.7103504502773285, 0.3176223111152649, 0.23965072244405747, 0.2037385705113411, 0.18694183498620986, 0.18842532634735107, 0.16884274840354918, 0.1578640180826187, 0.1644904062151909, 0.15818750709295273, 0.1569430959224701, 0.16185420542955398, 0.1410592371225357, 0.16388364017009735, 0.1362644100189209, 0.1372588688135147, 0.12466375499963761, 0.12156820878386497, 0.13663544595241547, 0.1346889528632164, 0.1287521880865097, 0.11583436220884323, 0.11210254520177841, 0.10623837515711784, 0.1133374647796154, 0.10841132268309593, 0.1203248305618763, 0.10778580650687218, 0.11493871182203293, 0.1107128420472145, 0.10627901628613472, 0.09963602170348168, 0.09070423096418381, 0.09710924126207829, 0.10504817813634873, 0.09793606281280517, 0.08748836427927018, 0.08938673317432404, 0.09807627409696579, 0.1078239519894123, 0.09524881556630134, 0.0813174669444561, 0.09253405511379242, 0.07983356505632401, 0.08677015766501427, 0.08582610830664635, 0.09395653069019318, 0.0862361365556717, 0.09874866589903832, 0.08716417849063873, 0.09116868302226067, 0.09079433679580688, 0.08604698300361634, 0.08368715852499008, 0.0863953959941864, 0.08600189834833145, 0.08355840086936951, 0.08958423808217049, 0.08693687707185745, 0.07784364715218545, 0.07567638099193573, 0.08994157455861568, 0.08278160035610199, 0.08284821555018425, 0.08935532480478287, 0.08343406960368156, 0.08088762685656548, 0.0813381527364254, 0.08617873221635819, 0.07983169600367546, 0.0717325009405613, 0.0807663118839264, 0.08152913466095925, 0.08261123806238174, 0.06978010304272175, 0.07495184302330017, 0.07820605471730233, 0.07516255378723144, 0.07855599492788315, 0.07563014313578606, 0.07216750293970108, 0.0781146863102913, 0.07157835572957992, 0.06886790052056313, 0.07427730321884156, 0.07267559014260769, 0.07043016813695431, 0.08638630717992783, 0.0717494796961546, 0.07204400435090065, 0.06832141548395157, 0.07442522838711739, 0.07289216831326485, 0.06983490765094758, 0.08109596356749535, 0.07279563389718532, 0.06804846696555615, 0.065071679353714], "val_loss": [2.5989896559715273, 1.1790737891197205, 0.31853414833545685, 0.15427494823932647, 0.12105227947235107, 0.1045244961977005, 0.09335695296525955, 0.08237068325281144, 0.07761188715696335, 0.06979104936122894, 0.06881502181291581, 0.07345889776945114, 0.0639350101351738, 0.06494261160492897, 0.06351198613643647, 0.05315964847803116, 0.051116903126239774, 0.05524911493062973, 0.05520653381943703, 0.04852278999984264, 0.04824081540107727, 0.051439503729343417, 0.04395584516227245, 0.043362845331430436, 0.04278915338218212, 0.04241823770105839, 0.042750744223594664, 0.04478100493550301, 0.042573764994740484, 0.04252659782767296, 0.05176462650299072, 0.04655064485967159, 0.04891086250543594, 0.046410883963108066, 0.039115215986967086, 0.043193644136190416, 0.04130482763051987, 0.04372963294386864, 0.045519338175654414, 0.045376001000404356, 0.04017099827528, 0.041616072207689286, 0.044152193665504456, 0.038557494655251504, 0.038581861034035686, 0.03681675270199776, 0.036151907071471215, 0.03496750846505165, 0.03362009689211845, 0.03919417254626751, 0.03277585119009018, 0.036620902642607686, 0.04056937769055367, 0.03580176077783108, 0.034434452056884765, 0.03784252628684044, 0.03282574892044068, 0.03158536851406098, 0.032229385673999786, 0.035070213824510574, 0.035006767883896825, 0.03670160710811615, 0.03989961877465248, 0.03352628596127033, 0.029484475031495094, 0.029501601457595825, 0.03927720740437508, 0.030796626061201097, 0.03318159691989422, 0.031182884946465494, 0.03266425378620624, 0.02898864582180977, 0.03313512273132801, 0.030784927159547806, 0.03112397700548172, 0.03301262617111206, 0.0350750432908535, 0.031232022419571875, 0.03174011029303074, 0.027334954515099527, 0.03827068217098713, 0.033871874958276746, 0.028211790397763253, 0.02926006607711315, 0.028886273726820944, 0.03339850217103958, 0.03633420504629612, 0.027883597016334534, 0.02867635913193226, 0.03235320076346397, 0.03384074926376343, 0.029584789276123048, 0.03281908929347992, 0.03299982920289039, 0.032678225710988044, 0.027376766428351403, 0.02748307563364506, 0.03019647814333439, 0.027476037070155144, 0.02796309135854244]}